observation_date,IHLIDXUSTPSOFTDEVE
2020-03-07,100.65
2020-03-08,100.56
2020-03-09,100.38
2020-03-10,100.33
2020-03-11,100.24
2020-03-12,100.23
2020-03-13,100.11
2020-03-14,100.09
2020-03-15,100.06
2020-03-16,100.14
2020-03-17,99.99
2020-03-18,99.81
2020-03-19,99.49
2020-03-20,99.09
2020-03-21,98.44
2020-03-22,97.87
2020-03-23,97.16
2020-03-24,96.60
2020-03-25,95.84
2020-03-26,94.82
2020-03-27,93.34
2020-03-28,91.96
2020-03-29,90.44
2020-03-30,89.04
2020-03-31,87.52
2020-04-01,86.08
2020-04-02,84.83
2020-04-03,84.09
2020-04-04,83.32
2020-04-05,82.55
2020-04-06,81.69
2020-04-07,80.77
2020-04-08,80.04
2020-04-09,79.31
2020-04-10,78.61
2020-04-11,78.13
2020-04-12,77.65
2020-04-13,77.26
2020-04-14,76.92
2020-04-15,76.49
2020-04-16,76.09
2020-04-17,75.64
2020-04-18,75.15
2020-04-19,74.60
2020-04-20,74.16
2020-04-21,73.83
2020-04-22,73.42
2020-04-23,73.11
2020-04-24,72.76
2020-04-25,72.35
2020-04-26,72.04
2020-04-27,71.62
2020-04-28,71.14
2020-04-29,70.67
2020-04-30,70.19
2020-05-01,69.75
2020-05-02,69.37
2020-05-03,68.94
2020-05-04,68.53
2020-05-05,68.17
2020-05-06,67.96
2020-05-07,67.72
2020-05-08,67.47
2020-05-09,67.27
2020-05-10,67.19
2020-05-11,67.02
2020-05-12,66.75
2020-05-13,66.15
2020-05-14,65.75
2020-05-15,65.53
2020-05-16,65.07
2020-05-17,64.62
2020-05-18,64.31
2020-05-19,64.08
2020-05-20,64.22
2020-05-21,64.31
2020-05-22,64.33
2020-05-23,64.46
2020-05-24,64.53
2020-05-25,64.48
2020-05-26,64.45
2020-05-27,64.35
2020-05-28,64.12
2020-05-29,63.96
2020-05-30,64.18
2020-05-31,64.16
2020-06-01,64.09
2020-06-02,64.21
2020-06-03,64.38
2020-06-04,64.47
2020-06-05,64.57
2020-06-06,64.53
2020-06-07,64.65
2020-06-08,64.89
2020-06-09,64.89
2020-06-10,64.92
2020-06-11,65.01
2020-06-12,65.06
2020-06-13,64.91
2020-06-14,64.88
2020-06-15,64.92
2020-06-16,64.98
2020-06-17,64.96
2020-06-18,65.06
2020-06-19,65.08
2020-06-20,65.33
2020-06-21,65.54
2020-06-22,65.57
2020-06-23,65.61
2020-06-24,65.63
2020-06-25,65.66
2020-06-26,65.68
2020-06-27,65.61
2020-06-28,65.52
2020-06-29,65.52
2020-06-30,65.50
2020-07-01,65.51
2020-07-02,65.54
2020-07-03,65.56
2020-07-04,65.57
2020-07-05,65.58
2020-07-06,65.57
2020-07-07,65.65
2020-07-08,65.89
2020-07-09,66.01
2020-07-10,66.24
2020-07-11,66.48
2020-07-12,66.71
2020-07-13,67.05
2020-07-14,67.34
2020-07-15,67.51
2020-07-16,67.68
2020-07-17,67.82
2020-07-18,67.70
2020-07-19,67.83
2020-07-20,67.97
2020-07-21,68.10
2020-07-22,68.25
2020-07-23,68.39
2020-07-24,68.54
2020-07-25,68.90
2020-07-26,69.01
2020-07-27,68.97
2020-07-28,68.99
2020-07-29,69.01
2020-07-30,69.04
2020-07-31,69.06
2020-08-01,69.30
2020-08-02,69.44
2020-08-03,69.64
2020-08-04,69.74
2020-08-05,69.78
2020-08-06,69.84
2020-08-07,69.70
2020-08-08,69.64
2020-08-09,69.73
2020-08-10,69.83
2020-08-11,69.99
2020-08-12,70.02
2020-08-13,70.12
2020-08-14,70.36
2020-08-15,70.14
2020-08-16,70.15
2020-08-17,70.16
2020-08-18,70.26
2020-08-19,70.39
2020-08-20,70.45
2020-08-21,70.51
2020-08-22,70.79
2020-08-23,70.88
2020-08-24,70.91
2020-08-25,70.84
2020-08-26,70.93
2020-08-27,71.05
2020-08-28,71.17
2020-08-29,71.27
2020-08-30,71.32
2020-08-31,71.42
2020-09-01,71.53
2020-09-02,71.73
2020-09-03,71.89
2020-09-04,72.13
2020-09-05,72.35
2020-09-06,72.59
2020-09-07,72.82
2020-09-08,73.02
2020-09-09,73.07
2020-09-10,73.19
2020-09-11,73.26
2020-09-12,73.37
2020-09-13,73.41
2020-09-14,73.39
2020-09-15,73.43
2020-09-16,73.56
2020-09-17,73.71
2020-09-18,73.73
2020-09-19,73.76
2020-09-20,73.87
2020-09-21,73.91
2020-09-22,73.95
2020-09-23,73.90
2020-09-24,73.87
2020-09-25,73.99
2020-09-26,74.06
2020-09-27,74.13
2020-09-28,74.37
2020-09-29,74.59
2020-09-30,74.93
2020-10-01,75.18
2020-10-02,75.41
2020-10-03,75.72
2020-10-04,76.03
2020-10-05,76.21
2020-10-06,76.38
2020-10-07,76.49
2020-10-08,76.66
2020-10-09,76.82
2020-10-10,76.85
2020-10-11,76.96
2020-10-12,77.14
2020-10-13,77.29
2020-10-14,77.49
2020-10-15,77.78
2020-10-16,77.82
2020-10-17,78.00
2020-10-18,78.12
2020-10-19,78.38
2020-10-20,78.71
2020-10-21,79.00
2020-10-22,79.12
2020-10-23,79.39
2020-10-24,79.64
2020-10-25,79.84
2020-10-26,79.88
2020-10-27,79.96
2020-10-28,80.06
2020-10-29,80.13
2020-10-30,80.13
2020-10-31,80.23
2020-11-01,80.45
2020-11-02,80.77
2020-11-03,81.04
2020-11-04,81.29
2020-11-05,81.63
2020-11-06,82.07
2020-11-07,82.37
2020-11-08,82.63
2020-11-09,82.75
2020-11-10,82.98
2020-11-11,83.12
2020-11-12,83.30
2020-11-13,83.49
2020-11-14,83.64
2020-11-15,83.98
2020-11-16,84.45
2020-11-17,84.79
2020-11-18,85.32
2020-11-19,85.79
2020-11-20,86.22
2020-11-21,86.68
2020-11-22,86.92
2020-11-23,87.18
2020-11-24,87.44
2020-11-25,87.58
2020-11-26,87.74
2020-11-27,87.85
2020-11-28,88.02
2020-11-29,88.22
2020-11-30,88.38
2020-12-01,88.34
2020-12-02,88.53
2020-12-03,88.75
2020-12-04,89.13
2020-12-05,89.46
2020-12-06,89.63
2020-12-07,89.76
2020-12-08,90.15
2020-12-09,90.36
2020-12-10,90.41
2020-12-11,90.55
2020-12-12,90.46
2020-12-13,90.68
2020-12-14,90.95
2020-12-15,91.10
2020-12-16,91.19
2020-12-17,91.30
2020-12-18,91.29
2020-12-19,91.53
2020-12-20,91.57
2020-12-21,91.56
2020-12-22,91.66
2020-12-23,91.72
2020-12-24,91.85
2020-12-25,91.91
2020-12-26,92.01
2020-12-27,92.08
2020-12-28,92.18
2020-12-29,92.27
2020-12-30,92.34
2020-12-31,92.39
2021-01-01,92.37
2021-01-02,92.31
2021-01-03,92.22
2021-01-04,91.98
2021-01-05,91.71
2021-01-06,91.66
2021-01-07,91.72
2021-01-08,91.98
2021-01-09,92.03
2021-01-10,92.31
2021-01-11,92.73
2021-01-12,93.24
2021-01-13,93.62
2021-01-14,93.94
2021-01-15,94.30
2021-01-16,94.93
2021-01-17,95.34
2021-01-18,95.64
2021-01-19,95.89
2021-01-20,96.04
2021-01-21,96.16
2021-01-22,96.21
2021-01-23,95.86
2021-01-24,95.95
2021-01-25,96.11
2021-01-26,96.30
2021-01-27,96.59
2021-01-28,96.97
2021-01-29,97.36
2021-01-30,97.97
2021-01-31,98.30
2021-02-01,98.67
2021-02-02,99.02
2021-02-03,99.30
2021-02-04,99.49
2021-02-05,99.81
2021-02-06,100.11
2021-02-07,100.46
2021-02-08,100.75
2021-02-09,101.00
2021-02-10,101.33
2021-02-11,101.77
2021-02-12,102.10
2021-02-13,102.60
2021-02-14,102.93
2021-02-15,103.28
2021-02-16,103.65
2021-02-17,104.04
2021-02-18,104.31
2021-02-19,104.59
2021-02-20,104.58
2021-02-21,104.85
2021-02-22,105.22
2021-02-23,105.57
2021-02-24,105.97
2021-02-25,106.39
2021-02-26,106.79
2021-02-27,107.35
2021-02-28,107.71
2021-03-01,107.93
2021-03-02,108.21
2021-03-03,108.41
2021-03-04,108.61
2021-03-05,108.80
2021-03-06,108.71
2021-03-07,108.95
2021-03-08,109.30
2021-03-09,109.63
2021-03-10,109.95
2021-03-11,110.27
2021-03-12,110.61
2021-03-13,111.37
2021-03-14,111.70
2021-03-15,111.95
2021-03-16,112.26
2021-03-17,112.57
2021-03-18,112.99
2021-03-19,113.44
2021-03-20,113.82
2021-03-21,114.29
2021-03-22,114.75
2021-03-23,115.15
2021-03-24,115.61
2021-03-25,115.90
2021-03-26,116.12
2021-03-27,116.39
2021-03-28,116.56
2021-03-29,116.75
2021-03-30,116.92
2021-03-31,117.03
2021-04-01,117.23
2021-04-02,117.45
2021-04-03,117.62
2021-04-04,117.90
2021-04-05,118.25
2021-04-06,118.53
2021-04-07,118.82
2021-04-08,119.07
2021-04-09,119.38
2021-04-10,119.35
2021-04-11,119.39
2021-04-12,119.43
2021-04-13,119.55
2021-04-14,119.73
2021-04-15,119.89
2021-04-16,120.03
2021-04-17,120.62
2021-04-18,121.10
2021-04-19,121.52
2021-04-20,121.95
2021-04-21,122.36
2021-04-22,122.80
2021-04-23,123.24
2021-04-24,123.66
2021-04-25,123.90
2021-04-26,124.16
2021-04-27,124.44
2021-04-28,124.75
2021-04-29,125.27
2021-04-30,125.74
2021-05-01,126.10
2021-05-02,126.65
2021-05-03,127.19
2021-05-04,127.74
2021-05-05,128.24
2021-05-06,128.60
2021-05-07,128.94
2021-05-08,129.38
2021-05-09,129.69
2021-05-10,130.01
2021-05-11,130.34
2021-05-12,130.84
2021-05-13,131.29
2021-05-14,131.72
2021-05-15,132.04
2021-05-16,132.46
2021-05-17,132.90
2021-05-18,133.25
2021-05-19,133.40
2021-05-20,133.62
2021-05-21,133.79
2021-05-22,133.60
2021-05-23,133.75
2021-05-24,133.72
2021-05-25,133.63
2021-05-26,133.50
2021-05-27,133.40
2021-05-28,133.34
2021-05-29,133.73
2021-05-30,133.77
2021-05-31,134.01
2021-06-01,134.08
2021-06-02,134.45
2021-06-03,134.66
2021-06-04,135.02
2021-06-05,135.28
2021-06-06,135.62
2021-06-07,135.91
2021-06-08,136.28
2021-06-09,136.54
2021-06-10,136.90
2021-06-11,137.17
2021-06-12,137.40
2021-06-13,137.68
2021-06-14,138.04
2021-06-15,138.62
2021-06-16,138.91
2021-06-17,139.19
2021-06-18,139.18
2021-06-19,139.40
2021-06-20,139.38
2021-06-21,139.43
2021-06-22,139.30
2021-06-23,139.41
2021-06-24,139.52
2021-06-25,139.90
2021-06-26,140.17
2021-06-27,140.56
2021-06-28,140.82
2021-06-29,141.22
2021-06-30,141.55
2021-07-01,141.88
2021-07-02,142.15
2021-07-03,142.44
2021-07-04,142.72
2021-07-05,143.03
2021-07-06,143.38
2021-07-07,143.68
2021-07-08,143.93
2021-07-09,144.25
2021-07-10,144.43
2021-07-11,144.60
2021-07-12,144.61
2021-07-13,144.82
2021-07-14,145.03
2021-07-15,145.31
2021-07-16,145.47
2021-07-17,145.68
2021-07-18,146.13
2021-07-19,146.71
2021-07-20,147.11
2021-07-21,147.47
2021-07-22,147.77
2021-07-23,148.27
2021-07-24,148.80
2021-07-25,149.22
2021-07-26,149.54
2021-07-27,149.80
2021-07-28,150.13
2021-07-29,150.50
2021-07-30,150.74
2021-07-31,151.10
2021-08-01,151.31
2021-08-02,151.52
2021-08-03,151.75
2021-08-04,151.98
2021-08-05,152.23
2021-08-06,152.53
2021-08-07,152.08
2021-08-08,152.31
2021-08-09,152.61
2021-08-10,153.11
2021-08-11,153.61
2021-08-12,154.12
2021-08-13,154.73
2021-08-14,156.00
2021-08-15,156.64
2021-08-16,157.22
2021-08-17,157.80
2021-08-18,158.00
2021-08-19,158.51
2021-08-20,159.02
2021-08-21,160.27
2021-08-22,161.60
2021-08-23,163.05
2021-08-24,164.18
2021-08-25,165.86
2021-08-26,167.28
2021-08-27,168.44
2021-08-28,168.80
2021-08-29,169.14
2021-08-30,169.42
2021-08-31,169.62
2021-09-01,169.61
2021-09-02,169.68
2021-09-03,169.99
2021-09-04,170.08
2021-09-05,170.47
2021-09-06,170.86
2021-09-07,171.41
2021-09-08,171.98
2021-09-09,172.31
2021-09-10,172.52
2021-09-11,173.03
2021-09-12,173.16
2021-09-13,173.26
2021-09-14,173.40
2021-09-15,173.59
2021-09-16,173.77
2021-09-17,174.02
2021-09-18,174.18
2021-09-19,174.43
2021-09-20,174.70
2021-09-21,174.90
2021-09-22,175.11
2021-09-23,175.54
2021-09-24,175.91
2021-09-25,176.32
2021-09-26,176.73
2021-09-27,177.16
2021-09-28,177.72
2021-09-29,178.30
2021-09-30,178.59
2021-10-01,179.00
2021-10-02,179.41
2021-10-03,179.79
2021-10-04,180.13
2021-10-05,180.46
2021-10-06,180.74
2021-10-07,181.38
2021-10-08,181.72
2021-10-09,182.46
2021-10-10,183.17
2021-10-11,183.84
2021-10-12,184.55
2021-10-13,185.09
2021-10-14,185.76
2021-10-15,186.66
2021-10-16,186.92
2021-10-17,187.43
2021-10-18,187.96
2021-10-19,188.45
2021-10-20,189.00
2021-10-21,189.22
2021-10-22,189.48
2021-10-23,190.05
2021-10-24,190.29
2021-10-25,190.54
2021-10-26,190.75
2021-10-27,190.93
2021-10-28,191.22
2021-10-29,191.62
2021-10-30,192.04
2021-10-31,192.43
2021-11-01,192.90
2021-11-02,193.40
2021-11-03,193.94
2021-11-04,194.40
2021-11-05,194.74
2021-11-06,195.15
2021-11-07,195.86
2021-11-08,196.49
2021-11-09,197.02
2021-11-10,197.76
2021-11-11,198.95
2021-11-12,199.63
2021-11-13,200.54
2021-11-14,201.36
2021-11-15,202.01
2021-11-16,202.94
2021-11-17,203.71
2021-11-18,204.04
2021-11-19,205.06
2021-11-20,205.16
2021-11-21,205.67
2021-11-22,206.39
2021-11-23,206.73
2021-11-24,207.16
2021-11-25,207.18
2021-11-26,207.25
2021-11-27,207.82
2021-11-28,207.73
2021-11-29,207.58
2021-11-30,207.73
2021-12-01,207.64
2021-12-02,208.18
2021-12-03,208.45
2021-12-04,208.86
2021-12-05,209.42
2021-12-06,210.11
2021-12-07,210.38
2021-12-08,210.83
2021-12-09,211.22
2021-12-10,211.57
2021-12-11,211.47
2021-12-12,211.82
2021-12-13,212.17
2021-12-14,212.75
2021-12-15,213.42
2021-12-16,213.85
2021-12-17,214.50
2021-12-18,215.41
2021-12-19,216.00
2021-12-20,216.43
2021-12-21,216.00
2021-12-22,215.47
2021-12-23,214.96
2021-12-24,214.19
2021-12-25,213.51
2021-12-26,212.67
2021-12-27,211.84
2021-12-28,212.35
2021-12-29,212.35
2021-12-30,212.24
2021-12-31,212.08
2022-01-01,211.76
2022-01-02,211.28
2022-01-03,210.83
2022-01-04,209.84
2022-01-05,209.43
2022-01-06,209.18
2022-01-07,209.18
2022-01-08,209.02
2022-01-09,209.63
2022-01-10,210.37
2022-01-11,211.13
2022-01-12,211.88
2022-01-13,212.81
2022-01-14,213.25
2022-01-15,214.55
2022-01-16,215.19
2022-01-17,215.69
2022-01-18,216.36
2022-01-19,217.00
2022-01-20,217.50
2022-01-21,218.34
2022-01-22,218.35
2022-01-23,218.61
2022-01-24,219.01
2022-01-25,219.45
2022-01-26,219.83
2022-01-27,220.26
2022-01-28,220.80
2022-01-29,221.71
2022-01-30,222.41
2022-01-31,222.73
2022-02-01,223.28
2022-02-02,223.91
2022-02-03,224.44
2022-02-04,224.78
2022-02-05,225.07
2022-02-06,225.36
2022-02-07,226.02
2022-02-08,225.66
2022-02-09,225.93
2022-02-10,226.14
2022-02-11,226.46
2022-02-12,226.68
2022-02-13,226.83
2022-02-14,226.90
2022-02-15,227.02
2022-02-16,227.12
2022-02-17,227.34
2022-02-18,227.62
2022-02-19,227.53
2022-02-20,228.01
2022-02-21,228.57
2022-02-22,229.50
2022-02-23,230.03
2022-02-24,230.50
2022-02-25,230.82
2022-02-26,231.58
2022-02-27,231.81
2022-02-28,232.12
2022-03-01,231.81
2022-03-02,231.73
2022-03-03,231.44
2022-03-04,231.24
2022-03-05,230.69
2022-03-06,230.46
2022-03-07,229.98
2022-03-08,230.42
2022-03-09,230.53
2022-03-10,230.70
2022-03-11,230.89
2022-03-12,231.30
2022-03-13,231.31
2022-03-14,231.40
2022-03-15,230.36
2022-03-16,229.16
2022-03-17,227.93
2022-03-18,226.48
2022-03-19,225.13
2022-03-20,224.02
2022-03-21,222.40
2022-03-22,221.82
2022-03-23,221.67
2022-03-24,221.86
2022-03-25,222.41
2022-03-26,222.94
2022-03-27,223.33
2022-03-28,223.75
2022-03-29,223.82
2022-03-30,224.16
2022-03-31,224.32
2022-04-01,224.31
2022-04-02,224.03
2022-04-03,223.81
2022-04-04,223.54
2022-04-05,224.14
2022-04-06,224.03
2022-04-07,223.84
2022-04-08,223.74
2022-04-09,223.50
2022-04-10,223.06
2022-04-11,222.66
2022-04-12,222.31
2022-04-13,222.04
2022-04-14,221.93
2022-04-15,221.65
2022-04-16,221.76
2022-04-17,222.23
2022-04-18,222.98
2022-04-19,223.36
2022-04-20,223.78
2022-04-21,224.11
2022-04-22,224.55
2022-04-23,224.99
2022-04-24,225.01
2022-04-25,225.22
2022-04-26,225.17
2022-04-27,222.97
2022-04-28,222.85
2022-04-29,222.51
2022-04-30,222.23
2022-05-01,222.18
2022-05-02,221.87
2022-05-03,221.89
2022-05-04,224.03
2022-05-05,224.08
2022-05-06,224.56
2022-05-07,224.80
2022-05-08,225.12
2022-05-09,225.86
2022-05-10,226.37
2022-05-11,226.60
2022-05-12,226.79
2022-05-13,226.66
2022-05-14,226.69
2022-05-15,226.69
2022-05-16,226.57
2022-05-17,225.88
2022-05-18,225.76
2022-05-19,225.66
2022-05-20,225.55
2022-05-21,225.05
2022-05-22,224.99
2022-05-23,224.77
2022-05-24,225.13
2022-05-25,225.04
2022-05-26,224.89
2022-05-27,224.74
2022-05-28,224.90
2022-05-29,224.53
2022-05-30,224.32
2022-05-31,223.84
2022-06-01,223.39
2022-06-02,222.73
2022-06-03,222.03
2022-06-04,221.38
2022-06-05,220.66
2022-06-06,219.89
2022-06-07,219.24
2022-06-08,218.70
2022-06-09,218.38
2022-06-10,217.98
2022-06-11,217.62
2022-06-12,217.34
2022-06-13,217.13
2022-06-14,217.03
2022-06-15,216.87
2022-06-16,216.56
2022-06-17,216.45
2022-06-18,216.25
2022-06-19,216.23
2022-06-20,216.19
2022-06-21,216.15
2022-06-22,216.02
2022-06-23,216.12
2022-06-24,215.95
2022-06-25,215.56
2022-06-26,215.17
2022-06-27,214.45
2022-06-28,213.48
2022-06-29,212.55
2022-06-30,211.59
2022-07-01,210.80
2022-07-02,210.27
2022-07-03,209.43
2022-07-04,208.52
2022-07-05,208.18
2022-07-06,207.41
2022-07-07,206.67
2022-07-08,205.90
2022-07-09,204.93
2022-07-10,204.12
2022-07-11,203.73
2022-07-12,202.93
2022-07-13,202.48
2022-07-14,201.93
2022-07-15,201.41
2022-07-16,201.08
2022-07-17,200.79
2022-07-18,200.10
2022-07-19,199.34
2022-07-20,198.99
2022-07-21,198.31
2022-07-22,197.81
2022-07-23,196.91
2022-07-24,196.27
2022-07-25,195.79
2022-07-26,195.38
2022-07-27,194.56
2022-07-28,194.24
2022-07-29,193.79
2022-07-30,193.89
2022-07-31,193.57
2022-08-01,193.37
2022-08-02,192.97
2022-08-03,192.65
2022-08-04,192.16
2022-08-05,191.71
2022-08-06,191.07
2022-08-07,190.44
2022-08-08,190.03
2022-08-09,189.78
2022-08-10,189.39
2022-08-11,188.97
2022-08-12,188.36
2022-08-13,187.61
2022-08-14,187.09
2022-08-15,186.49
2022-08-16,185.84
2022-08-17,185.24
2022-08-18,184.71
2022-08-19,184.26
2022-08-20,183.94
2022-08-21,183.51
2022-08-22,183.01
2022-08-23,182.29
2022-08-24,182.03
2022-08-25,181.85
2022-08-26,181.57
2022-08-27,181.44
2022-08-28,181.17
2022-08-29,180.77
2022-08-30,180.56
2022-08-31,180.15
2022-09-01,179.68
2022-09-02,179.32
2022-09-03,178.96
2022-09-04,178.69
2022-09-05,178.37
2022-09-06,178.08
2022-09-07,177.58
2022-09-08,177.09
2022-09-09,176.61
2022-09-10,176.06
2022-09-11,175.37
2022-09-12,174.86
2022-09-13,174.43
2022-09-14,174.06
2022-09-15,173.72
2022-09-16,173.40
2022-09-17,172.91
2022-09-18,172.54
2022-09-19,172.04
2022-09-20,171.34
2022-09-21,170.81
2022-09-22,170.31
2022-09-23,169.72
2022-09-24,169.29
2022-09-25,168.81
2022-09-26,168.52
2022-09-27,168.51
2022-09-28,168.23
2022-09-29,167.88
2022-09-30,167.57
2022-10-01,167.36
2022-10-02,167.11
2022-10-03,166.79
2022-10-04,166.14
2022-10-05,165.63
2022-10-06,165.06
2022-10-07,164.35
2022-10-08,163.61
2022-10-09,162.86
2022-10-10,162.23
2022-10-11,161.79
2022-10-12,161.27
2022-10-13,160.82
2022-10-14,160.55
2022-10-15,160.18
2022-10-16,159.92
2022-10-17,159.53
2022-10-18,159.17
2022-10-19,158.88
2022-10-20,158.50
2022-10-21,158.12
2022-10-22,157.28
2022-10-23,156.79
2022-10-24,156.38
2022-10-25,155.97
2022-10-26,155.51
2022-10-27,155.25
2022-10-28,154.87
2022-10-29,155.08
2022-10-30,154.87
2022-10-31,154.71
2022-11-01,154.40
2022-11-02,153.93
2022-11-03,153.28
2022-11-04,152.74
2022-11-05,152.10
2022-11-06,151.53
2022-11-07,150.92
2022-11-08,150.42
2022-11-09,150.05
2022-11-10,149.66
2022-11-11,149.19
2022-11-12,148.85
2022-11-13,148.41
2022-11-14,147.93
2022-11-15,147.54
2022-11-16,147.22
2022-11-17,146.96
2022-11-18,146.74
2022-11-19,146.35
2022-11-20,146.11
2022-11-21,145.84
2022-11-22,145.52
2022-11-23,145.23
2022-11-24,144.90
2022-11-25,144.66
2022-11-26,144.54
2022-11-27,144.26
2022-11-28,143.98
2022-11-29,143.75
2022-11-30,143.53
2022-12-01,143.33
2022-12-02,142.92
2022-12-03,142.48
2022-12-04,141.97
2022-12-05,141.58
2022-12-06,141.01
2022-12-07,140.32
2022-12-08,139.66
2022-12-09,139.17
2022-12-10,138.58
2022-12-11,138.16
2022-12-12,137.61
2022-12-13,137.16
2022-12-14,137.05
2022-12-15,136.75
2022-12-16,136.42
2022-12-17,136.14
2022-12-18,135.83
2022-12-19,135.55
2022-12-20,135.32
2022-12-21,134.90
2022-12-22,134.58
2022-12-23,134.20
2022-12-24,133.96
2022-12-25,133.68
2022-12-26,133.45
2022-12-27,133.28
2022-12-28,132.97
2022-12-29,132.73
2022-12-30,132.56
2022-12-31,132.35
2023-01-01,132.11
2023-01-02,131.81
2023-01-03,131.42
2023-01-04,130.75
2023-01-05,130.35
2023-01-06,130.04
2023-01-07,129.67
2023-01-08,129.49
2023-01-09,129.23
2023-01-10,129.17
2023-01-11,129.46
2023-01-12,129.46
2023-01-13,129.38
2023-01-14,129.08
2023-01-15,128.98
2023-01-16,128.92
2023-01-17,128.76
2023-01-18,128.44
2023-01-19,128.33
2023-01-20,127.92
2023-01-21,127.61
2023-01-22,127.15
2023-01-23,126.64
2023-01-24,126.10
2023-01-25,125.58
2023-01-26,124.82
2023-01-27,124.37
2023-01-28,124.02
2023-01-29,123.55
2023-01-30,123.07
2023-01-31,122.60
2023-02-01,122.23
2023-02-02,121.77
2023-02-03,121.25
2023-02-04,120.73
2023-02-05,120.09
2023-02-06,119.55
2023-02-07,118.91
2023-02-08,118.24
2023-02-09,117.73
2023-02-10,117.24
2023-02-11,116.74
2023-02-12,116.31
2023-02-13,115.87
2023-02-14,115.34
2023-02-15,114.80
2023-02-16,114.25
2023-02-17,113.62
2023-02-18,112.48
2023-02-19,111.86
2023-02-20,111.30
2023-02-21,110.81
2023-02-22,110.35
2023-02-23,109.81
2023-02-24,109.21
2023-02-25,109.16
2023-02-26,108.59
2023-02-27,107.93
2023-02-28,107.27
2023-03-01,106.40
2023-03-02,105.87
2023-03-03,105.49
2023-03-04,105.04
2023-03-05,104.74
2023-03-06,104.48
2023-03-07,104.19
2023-03-08,103.98
2023-03-09,103.68
2023-03-10,103.54
2023-03-11,103.42
2023-03-12,103.19
2023-03-13,102.81
2023-03-14,102.61
2023-03-15,102.64
2023-03-16,102.59
2023-03-17,102.41
2023-03-18,102.26
2023-03-19,102.21
2023-03-20,102.33
2023-03-21,102.41
2023-03-22,102.34
2023-03-23,102.13
2023-03-24,101.99
2023-03-25,101.78
2023-03-26,101.47
2023-03-27,101.10
2023-03-28,100.68
2023-03-29,100.33
2023-03-30,100.10
2023-03-31,99.87
2023-04-01,99.75
2023-04-02,99.63
2023-04-03,99.47
2023-04-04,99.36
2023-04-05,99.29
2023-04-06,99.27
2023-04-07,99.17
2023-04-08,99.04
2023-04-09,98.91
2023-04-10,98.99
2023-04-11,99.04
2023-04-12,99.05
2023-04-13,98.91
2023-04-14,98.83
2023-04-15,98.39
2023-04-16,98.36
2023-04-17,98.21
2023-04-18,98.05
2023-04-19,97.92
2023-04-20,97.89
2023-04-21,97.79
2023-04-22,98.08
2023-04-23,97.99
2023-04-24,97.86
2023-04-25,97.65
2023-04-26,97.96
2023-04-27,98.28
2023-04-28,99.36
2023-04-29,99.08
2023-04-30,98.76
2023-05-01,98.49
2023-05-02,98.37
2023-05-03,98.50
2023-05-04,98.23
2023-05-05,97.58
2023-05-06,98.20
2023-05-07,98.80
2023-05-08,99.24
2023-05-09,99.58
2023-05-10,99.25
2023-05-11,99.17
2023-05-12,98.40
2023-05-13,97.99
2023-05-14,97.65
2023-05-15,97.46
2023-05-16,97.26
2023-05-17,96.86
2023-05-18,96.64
2023-05-19,96.77
2023-05-20,96.50
2023-05-21,96.34
2023-05-22,96.16
2023-05-23,95.94
2023-05-24,95.97
2023-05-25,95.88
2023-05-26,95.80
2023-05-27,95.71
2023-05-28,95.43
2023-05-29,95.18
2023-05-30,94.99
2023-05-31,94.60
2023-06-01,94.16
2023-06-02,93.76
2023-06-03,93.56
2023-06-04,93.37
2023-06-05,93.16
2023-06-06,92.89
2023-06-07,92.64
2023-06-08,91.84
2023-06-09,90.90
2023-06-10,89.71
2023-06-11,88.65
2023-06-12,87.58
2023-06-13,86.52
2023-06-14,85.58
2023-06-15,85.39
2023-06-16,85.14
2023-06-17,85.14
2023-06-18,85.16
2023-06-19,85.18
2023-06-20,85.25
2023-06-21,85.32
2023-06-22,85.31
2023-06-23,85.26
2023-06-24,85.14
2023-06-25,84.94
2023-06-26,84.66
2023-06-27,84.47
2023-06-28,84.21
2023-06-29,83.91
2023-06-30,83.75
2023-07-01,83.56
2023-07-02,83.42
2023-07-03,83.31
2023-07-04,83.13
2023-07-05,83.09
2023-07-06,82.94
2023-07-07,82.88
2023-07-08,82.93
2023-07-09,82.92
2023-07-10,82.96
2023-07-11,83.00
2023-07-12,83.00
2023-07-13,83.55
2023-07-14,84.03
2023-07-15,84.47
2023-07-16,84.95
2023-07-17,85.45
2023-07-18,85.88
2023-07-19,86.32
2023-07-20,86.32
2023-07-21,86.30
2023-07-22,85.89
2023-07-23,85.73
2023-07-24,85.51
2023-07-25,85.35
2023-07-26,85.14
2023-07-27,84.51
2023-07-28,83.98
2023-07-29,83.74
2023-07-30,83.24
2023-07-31,82.72
2023-08-01,82.20
2023-08-02,81.60
2023-08-03,81.33
2023-08-04,81.03
2023-08-05,80.85
2023-08-06,80.62
2023-08-07,80.40
2023-08-08,80.24
2023-08-09,80.15
2023-08-10,80.07
2023-08-11,80.00
2023-08-12,79.81
2023-08-13,79.84
2023-08-14,79.82
2023-08-15,79.72
2023-08-16,79.68
2023-08-17,79.74
2023-08-18,79.97
2023-08-19,80.10
2023-08-20,80.04
2023-08-21,80.10
2023-08-22,80.21
2023-08-23,80.30
2023-08-24,80.32
2023-08-25,80.08
2023-08-26,79.98
2023-08-27,79.94
2023-08-28,79.86
2023-08-29,79.84
2023-08-30,79.76
2023-08-31,79.71
2023-09-01,79.80
2023-09-02,79.99
2023-09-03,80.11
2023-09-04,80.26
2023-09-05,80.29
2023-09-06,80.29
2023-09-07,80.31
2023-09-08,80.28
2023-09-09,80.18
2023-09-10,80.06
2023-09-11,79.94
2023-09-12,79.81
2023-09-13,79.75
2023-09-14,79.63
2023-09-15,79.37
2023-09-16,79.14
2023-09-17,78.74
2023-09-18,78.26
2023-09-19,77.82
2023-09-20,77.34
2023-09-21,76.82
2023-09-22,76.45
2023-09-23,76.01
2023-09-24,75.76
2023-09-25,75.60
2023-09-26,75.47
2023-09-27,75.41
2023-09-28,75.49
2023-09-29,75.44
2023-09-30,75.38
2023-10-01,75.39
2023-10-02,75.40
2023-10-03,75.40
2023-10-04,75.41
2023-10-05,75.36
2023-10-06,75.40
2023-10-07,75.56
2023-10-08,75.60
2023-10-09,75.64
2023-10-10,75.67
2023-10-11,75.64
2023-10-12,75.68
2023-10-13,75.71
2023-10-14,75.76
2023-10-15,75.92
2023-10-16,75.94
2023-10-17,76.01
2023-10-18,76.03
2023-10-19,76.09
2023-10-20,76.08
2023-10-21,75.84
2023-10-22,75.72
2023-10-23,75.69
2023-10-24,75.58
2023-10-25,75.54
2023-10-26,75.39
2023-10-27,75.24
2023-10-28,75.26
2023-10-29,75.09
2023-10-30,74.95
2023-10-31,74.71
2023-11-01,74.56
2023-11-02,74.49
2023-11-03,74.50
2023-11-04,74.52
2023-11-05,74.58
2023-11-06,74.62
2023-11-07,74.75
2023-11-08,74.77
2023-11-09,74.79
2023-11-10,74.77
2023-11-11,74.76
2023-11-12,74.72
2023-11-13,74.69
2023-11-14,74.65
2023-11-15,74.60
2023-11-16,74.59
2023-11-17,74.64
2023-11-18,74.61
2023-11-19,74.67
2023-11-20,74.71
2023-11-21,74.79
2023-11-22,74.84
2023-11-23,74.80
2023-11-24,74.73
2023-11-25,74.69
2023-11-26,74.56
2023-11-27,74.45
2023-11-28,74.34
2023-11-29,74.29
2023-11-30,74.16
2023-12-01,74.05
2023-12-02,74.01
2023-12-03,74.01
2023-12-04,74.03
2023-12-05,73.99
2023-12-06,74.14
2023-12-07,74.36
2023-12-08,74.54
2023-12-09,74.56
2023-12-10,74.71
2023-12-11,74.82
2023-12-12,74.92
2023-12-13,74.84
2023-12-14,74.83
2023-12-15,74.76
2023-12-16,74.80
2023-12-17,74.70
2023-12-18,74.69
2023-12-19,74.77
2023-12-20,74.83
2023-12-21,74.84
2023-12-22,74.84
2023-12-23,74.83
2023-12-24,74.83
2023-12-25,74.82
2023-12-26,74.80
2023-12-27,74.79
2023-12-28,74.79
2023-12-29,74.86
2023-12-30,74.88
2023-12-31,74.84
2024-01-01,74.81
2024-01-02,74.77
2024-01-03,74.76
2024-01-04,74.71
2024-01-05,74.65
2024-01-06,74.62
2024-01-07,74.66
2024-01-08,74.62
2024-01-09,74.53
2024-01-10,74.41
2024-01-11,74.37
2024-01-12,74.29
2024-01-13,74.20
2024-01-14,74.16
2024-01-15,74.20
2024-01-16,74.23
2024-01-17,74.26
2024-01-18,74.25
2024-01-19,74.29
2024-01-20,74.36
2024-01-21,74.26
2024-01-22,74.12
2024-01-23,74.00
2024-01-24,73.89
2024-01-25,73.74
2024-01-26,73.46
2024-01-27,73.31
2024-01-28,73.25
2024-01-29,73.16
2024-01-30,73.06
2024-01-31,72.89
2024-02-01,72.87
2024-02-02,72.96
2024-02-03,72.94
2024-02-04,72.90
2024-02-05,72.76
2024-02-06,72.69
2024-02-07,72.66
2024-02-08,72.56
2024-02-09,72.49
2024-02-10,72.36
2024-02-11,72.27
2024-02-12,72.25
2024-02-13,72.21
2024-02-14,72.15
2024-02-15,72.10
2024-02-16,72.01
2024-02-17,71.78
2024-02-18,71.73
2024-02-19,71.73
2024-02-20,71.71
2024-02-21,71.68
2024-02-22,71.63
2024-02-23,71.53
2024-02-24,71.67
2024-02-25,71.60
2024-02-26,71.49
2024-02-27,71.41
2024-02-28,71.33
2024-02-29,71.24
2024-03-01,71.24
2024-03-02,71.11
2024-03-03,71.05
2024-03-04,71.05
2024-03-05,71.02
2024-03-06,71.07
2024-03-07,71.09
2024-03-08,71.08
2024-03-09,71.17
2024-03-10,71.17
2024-03-11,71.13
2024-03-12,71.07
2024-03-13,70.98
2024-03-14,70.94
2024-03-15,70.92
2024-03-16,70.88
2024-03-17,70.92
2024-03-18,70.97
2024-03-19,71.10
2024-03-20,71.16
2024-03-21,71.21
2024-03-22,71.24
2024-03-23,71.30
2024-03-24,71.30
2024-03-25,71.33
2024-03-26,71.23
2024-03-27,71.13
2024-03-28,71.07
2024-03-29,71.05
2024-03-30,71.02
2024-03-31,71.01
2024-04-01,70.89
2024-04-02,70.88
2024-04-03,70.95
2024-04-04,70.97
2024-04-05,70.91
2024-04-06,70.87
2024-04-07,70.82
2024-04-08,70.84
2024-04-09,70.81
2024-04-10,70.82
2024-04-11,70.89
2024-04-12,71.00
2024-04-13,71.01
2024-04-14,71.03
2024-04-15,71.07
2024-04-16,71.09
2024-04-17,71.05
2024-04-18,70.94
2024-04-19,70.83
2024-04-20,70.58
2024-04-21,70.48
2024-04-22,70.34
2024-04-23,70.25
2024-04-24,70.03
2024-04-25,69.84
2024-04-26,69.61
2024-04-27,69.63
2024-04-28,69.49
2024-04-29,69.35
2024-04-30,69.21
2024-05-01,69.14
2024-05-02,69.04
2024-05-03,69.00
2024-05-04,68.87
2024-05-05,68.78
2024-05-06,68.75
2024-05-07,68.71
2024-05-08,68.69
2024-05-09,68.74
2024-05-10,68.85
2024-05-11,68.93
2024-05-12,68.94
2024-05-13,68.93
2024-05-14,68.94
2024-05-15,69.01
2024-05-16,69.00
2024-05-17,68.91
2024-05-18,68.71
2024-05-19,68.45
2024-05-20,68.15
2024-05-21,67.82
2024-05-22,67.91
2024-05-23,67.98
2024-05-24,68.14
2024-05-25,68.47
2024-05-26,68.92
2024-05-27,69.40
2024-05-28,69.86
2024-05-29,69.84
2024-05-30,69.88
2024-05-31,69.85
2024-06-01,69.92
2024-06-02,69.93
2024-06-03,69.98
2024-06-04,70.03
2024-06-05,70.16
2024-06-06,70.28
2024-06-07,70.38
2024-06-08,70.45
2024-06-09,70.51
2024-06-10,70.53
2024-06-11,70.54
2024-06-12,70.52
2024-06-13,70.46
2024-06-14,70.38
2024-06-15,70.13
2024-06-16,70.07
2024-06-17,70.02
2024-06-18,70.01
2024-06-19,70.00
2024-06-20,70.06
2024-06-21,70.19
2024-06-22,70.36
2024-06-23,70.41
2024-06-24,70.45
2024-06-25,70.47
2024-06-26,70.48
2024-06-27,70.52
2024-06-28,70.47
2024-06-29,70.44
2024-06-30,70.42
2024-07-01,70.37
2024-07-02,70.33
2024-07-03,70.28
2024-07-04,70.21
2024-07-05,70.15
2024-07-06,70.10
2024-07-07,70.07
2024-07-08,70.10
2024-07-09,70.10
2024-07-10,70.17
2024-07-11,70.19
2024-07-12,70.26
2024-07-13,70.40
2024-07-14,70.43
2024-07-15,70.46
2024-07-16,70.42
2024-07-17,70.36
2024-07-18,70.25
2024-07-19,70.14
2024-07-20,69.80
2024-07-21,69.75
2024-07-22,69.68
2024-07-23,69.65
2024-07-24,69.61
2024-07-25,69.60
2024-07-26,69.59
2024-07-27,69.73
2024-07-28,69.65
2024-07-29,69.59
2024-07-30,69.58
2024-07-31,69.54
2024-08-01,69.59
2024-08-02,69.54
2024-08-03,69.42
2024-08-04,69.30
2024-08-05,69.18
2024-08-06,69.05
2024-08-07,68.91
2024-08-08,68.73
2024-08-09,68.64
2024-08-10,68.52
2024-08-11,68.46
2024-08-12,68.43
2024-08-13,68.46
2024-08-14,68.43
2024-08-15,68.35
2024-08-16,68.32
2024-08-17,68.39
2024-08-18,68.49
2024-08-19,68.42
2024-08-20,68.32
2024-08-21,68.27
2024-08-22,68.29
2024-08-23,68.36
2024-08-24,68.35
2024-08-25,68.16
2024-08-26,68.11
2024-08-27,68.09
2024-08-28,68.17
2024-08-29,68.26
2024-08-30,68.27
2024-08-31,68.33
2024-09-01,68.52
2024-09-02,68.70
2024-09-03,68.73
2024-09-04,68.79
2024-09-05,68.81
2024-09-06,68.82
2024-09-07,68.94
2024-09-08,68.99
2024-09-09,69.04
2024-09-10,69.19
2024-09-11,69.27
2024-09-12,69.33
2024-09-13,69.38
2024-09-14,69.38
2024-09-15,69.35
2024-09-16,69.34
2024-09-17,69.34
2024-09-18,69.33
2024-09-19,69.37
2024-09-20,69.42
2024-09-21,69.39
2024-09-22,69.35
2024-09-23,69.28
2024-09-24,69.18
2024-09-25,69.12
2024-09-26,68.99
2024-09-27,68.74
2024-09-28,68.54
2024-09-29,68.42
2024-09-30,68.42
2024-10-01,68.33
2024-10-02,68.19
2024-10-03,68.05
2024-10-04,68.17
2024-10-05,68.32
2024-10-06,68.39
2024-10-07,68.40
2024-10-08,68.49
2024-10-09,68.60
2024-10-10,68.57
2024-10-11,68.38
2024-10-12,68.20
2024-10-13,68.03
2024-10-14,67.87
2024-10-15,67.77
2024-10-16,67.55
2024-10-17,67.52
2024-10-18,67.53
2024-10-19,67.45
2024-10-20,67.50
2024-10-21,67.53
2024-10-22,67.52
2024-10-23,67.57
2024-10-24,67.53
2024-10-25,67.49
2024-10-26,67.57
2024-10-27,67.51
2024-10-28,67.48
2024-10-29,67.43
2024-10-30,67.41
2024-10-31,67.47
2024-11-01,67.55
2024-11-02,67.65
2024-11-03,67.78
2024-11-04,67.88
2024-11-05,67.96
2024-11-06,68.02
2024-11-07,68.02
2024-11-08,68.01
2024-11-09,67.91
2024-11-10,67.85
2024-11-11,67.81
2024-11-12,67.73
2024-11-13,67.68
2024-11-14,67.64
2024-11-15,67.60
2024-11-16,67.60
2024-11-17,67.51
2024-11-18,67.52
2024-11-19,67.55
2024-11-20,67.54
2024-11-21,67.51
2024-11-22,67.54
2024-11-23,67.56
2024-11-24,67.62
2024-11-25,67.57
2024-11-26,67.55
2024-11-27,67.62
2024-11-28,67.73
2024-11-29,67.80
2024-11-30,67.83
2024-12-01,67.89
2024-12-02,68.01
2024-12-03,68.09
2024-12-04,68.19
2024-12-05,68.25
2024-12-06,68.26
2024-12-07,68.31
2024-12-08,68.31
2024-12-09,68.35
2024-12-10,68.38
2024-12-11,68.33
2024-12-12,68.32
2024-12-13,68.33
2024-12-14,68.19
2024-12-15,68.26
2024-12-16,68.23
2024-12-17,68.22
2024-12-18,68.24
2024-12-19,68.24
2024-12-20,68.26
2024-12-21,68.36
2024-12-22,68.35
2024-12-23,68.35
2024-12-24,68.33
2024-12-25,68.34
2024-12-26,68.36
2024-12-27,68.33
2024-12-28,68.38
2024-12-29,68.36
2024-12-30,68.37
2024-12-31,68.36
2025-01-01,68.08
2025-01-02,67.80
2025-01-03,67.52
2025-01-04,67.05
2025-01-05,66.68
2025-01-06,66.30
2025-01-07,65.95
2025-01-08,65.91
2025-01-09,65.91
2025-01-10,65.98
2025-01-11,66.11
2025-01-12,66.28
2025-01-13,66.46
2025-01-14,66.64
2025-01-15,66.85
2025-01-16,67.06
2025-01-17,67.23
2025-01-18,67.33
2025-01-19,67.43
2025-01-20,67.46
2025-01-21,67.43
2025-01-22,67.32
2025-01-23,67.23
2025-01-24,67.14
2025-01-25,67.13
2025-01-26,67.02
2025-01-27,66.92
2025-01-28,66.87
2025-01-29,66.84
2025-01-30,66.77
2025-01-31,66.71
2025-02-01,66.64
2025-02-02,66.58
2025-02-03,66.52
2025-02-04,66.46
2025-02-05,66.37
2025-02-06,66.28
2025-02-07,66.15
2025-02-08,66.06
2025-02-09,65.97
2025-02-10,65.91
2025-02-11,65.88
2025-02-12,65.86
2025-02-13,65.82
2025-02-14,65.76
2025-02-15,65.43
2025-02-16,65.35
2025-02-17,65.22
2025-02-18,64.97
2025-02-19,64.68
2025-02-20,64.39
2025-02-21,64.10
2025-02-22,64.18
2025-02-23,63.98
2025-02-24,63.76
2025-02-25,63.62
2025-02-26,63.52
2025-02-27,63.49
2025-02-28,63.52
2025-03-01,63.38
2025-03-02,63.42
2025-03-03,63.45
2025-03-04,63.56
2025-03-05,63.59
2025-03-06,63.66
2025-03-07,63.61
